{
  "metrics": [
    {
      "timestamp": 1744632921473,
      "cpu": {
        "currentLoad": 52.64703096884175,
        "currentLoadUser": 35.93143290084288,
        "currentLoadSystem": 16.1284212520125,
        "currentLoadIdle": 47.35296903115825
      },
      "memory": {
        "total": 8362713088,
        "free": 1406554112,
        "used": 6956158976,
        "available": 1406554112,
        "swapused": 876609536,
        "swapfree": 5297405952
      },
      "disk": [
        {
          "fs": "C:",
          "type": "NTFS",
          "size": 135656476672,
          "used": 118088130560,
          "available": 17568346112,
          "use": 87.05,
          "mount": "C:",
          "rw": true
        },
        {
          "fs": "D:",
          "type": "NTFS",
          "size": 375793905664,
          "used": 232645095424,
          "available": 143148810240,
          "use": 61.91,
          "mount": "D:",
          "rw": true
        }
      ],
      "processLoad": [
        {
          "proc": "node",
          "pid": 13656,
          "pids": [
            13656,
            13804,
            9920,
            16368
          ],
          "cpu": 21.616161616161616,
          "mem": 7.394065077842834
        }
      ]
    },
    {
      "timestamp": 1744632931588,
      "cpu": {
        "currentLoad": 59.04761904761905,
        "currentLoadUser": 38.88888888888889,
        "currentLoadSystem": 19.365079365079367,
        "currentLoadIdle": 40.95238095238095
      },
      "memory": {
        "total": 8362713088,
        "free": 1037135872,
        "used": 7325577216,
        "available": 1037135872,
        "swapused": 876609536,
        "swapfree": 5297405952
      },
      "disk": [
        {
          "fs": "C:",
          "type": "NTFS",
          "size": 135656476672,
          "used": 118088130560,
          "available": 17568346112,
          "use": 87.05,
          "mount": "C:",
          "rw": true
        },
        {
          "fs": "D:",
          "type": "NTFS",
          "size": 375793905664,
          "used": 232645099520,
          "available": 143148806144,
          "use": 61.91,
          "mount": "D:",
          "rw": true
        }
      ],
      "processLoad": [
        {
          "proc": "node",
          "pid": 13656,
          "pids": [
            13656,
            13804,
            9920,
            16368
          ],
          "cpu": 3.6764705882352944,
          "mem": 10.697769187893488
        }
      ]
    }
  ]
}