{
  "metrics": [
    {
      "timestamp": 1744565041330,
      "cpu": {
        "currentLoad": 25.37584949054132,
        "currentLoadUser": 14.566465271035788,
        "currentLoadSystem": 10.265521759211257,
        "currentLoadIdle": 74.62415050945869
      },
      "memory": {
        "total": 8362713088,
        "free": 1565356032,
        "used": 6797357056,
        "available": 1565356032,
        "swapused": 950009856,
        "swapfree": 5224005632
      },
      "disk": [
        {
          "fs": "C:",
          "type": "NTFS",
          "size": 135656476672,
          "used": 118149615616,
          "available": 17506861056,
          "use": 87.09,
          "mount": "C:",
          "rw": true
        },
        {
          "fs": "D:",
          "type": "NTFS",
          "size": 375793905664,
          "used": 232881778688,
          "available": 142912126976,
          "use": 61.97,
          "mount": "D:",
          "rw": true
        }
      ],
      "processLoad": [
        {
          "proc": "node",
          "pid": 17092,
          "pids": [
            17092,
            18524,
            4920,
            8608
          ],
          "cpu": 1.5577275503970678,
          "mem": 8.557128009411866
        }
      ]
    },
    {
      "timestamp": 1744565401225,
      "cpu": {
        "currentLoad": 0.8604839558163834,
        "currentLoadUser": 0.3325820317505072,
        "currentLoadSystem": 0.4920672344890831,
        "currentLoadIdle": 99.13951604418362
      },
      "memory": {
        "total": 8362713088,
        "free": 2002178048,
        "used": 6360535040,
        "available": 2002178048,
        "swapused": 890241024,
        "swapfree": 5283774464
      },
      "disk": [
        {
          "fs": "C:",
          "type": "NTFS",
          "size": 135656476672,
          "used": 118152151040,
          "available": 17504325632,
          "use": 87.1,
          "mount": "C:",
          "rw": true
        },
        {
          "fs": "D:",
          "type": "NTFS",
          "size": 375793905664,
          "used": 232881782784,
          "available": 142912122880,
          "use": 61.97,
          "mount": "D:",
          "rw": true
        }
      ],
      "processLoad": [
        {
          "proc": "node",
          "pid": 17092,
          "pids": [
            17092,
            18524,
            4920,
            8608
          ],
          "cpu": 0.0038051543533683774,
          "mem": 8.550858656458072
        }
      ]
    },
    {
      "timestamp": 1744565761098,
      "cpu": {
        "currentLoad": 0.7742461995259717,
        "currentLoadUser": 0.33039597857322694,
        "currentLoadSystem": 0.41947162341665006,
        "currentLoadIdle": 99.22575380047402
      },
      "memory": {
        "total": 8362713088,
        "free": 2005712896,
        "used": 6357000192,
        "available": 2005712896,
        "swapused": 894435328,
        "swapfree": 5279580160
      },
      "disk": [
        {
          "fs": "C:",
          "type": "NTFS",
          "size": 135656476672,
          "used": 118151827456,
          "available": 17504649216,
          "use": 87.1,
          "mount": "C:",
          "rw": true
        },
        {
          "fs": "D:",
          "type": "NTFS",
          "size": 375793905664,
          "used": 232881782784,
          "available": 142912122880,
          "use": 61.97,
          "mount": "D:",
          "rw": true
        }
      ],
      "processLoad": [
        {
          "proc": "node",
          "pid": 17092,
          "pids": [
            17092,
            18524,
            4920,
            8608
          ],
          "cpu": 0.0010871692287621492,
          "mem": 8.573927916155242
        }
      ]
    },
    {
      "timestamp": 1744566120928,
      "cpu": {
        "currentLoad": 0.6908700405797585,
        "currentLoadUser": 0.26107330057500727,
        "currentLoadSystem": 0.40319275593657833,
        "currentLoadIdle": 99.30912995942023
      },
      "memory": {
        "total": 8362713088,
        "free": 2027995136,
        "used": 6334717952,
        "available": 2027995136,
        "swapused": 897581056,
        "swapfree": 5276434432
      },
      "disk": [
        {
          "fs": "C:",
          "type": "NTFS",
          "size": 135656476672,
          "used": 118151913472,
          "available": 17504563200,
          "use": 87.1,
          "mount": "C:",
          "rw": true
        },
        {
          "fs": "D:",
          "type": "NTFS",
          "size": 375793905664,
          "used": 232881782784,
          "available": 142912122880,
          "use": 61.97,
          "mount": "D:",
          "rw": true
        }
      ],
      "processLoad": [
        {
          "proc": "node",
          "pid": 17092,
          "pids": [
            17092,
            18524,
            4920,
            8608
          ],
          "cpu": 0.0027215031406146242,
          "mem": 8.587838043021476
        }
      ]
    },
    {
      "timestamp": 1744566480587,
      "cpu": {
        "currentLoad": 0.6036194935571653,
        "currentLoadUser": 0.19322771931884625,
        "currentLoadSystem": 0.3897558042139762,
        "currentLoadIdle": 99.39638050644284
      },
      "memory": {
        "total": 8362713088,
        "free": 2038026240,
        "used": 6324686848,
        "available": 2038026240,
        "swapused": 897581056,
        "swapfree": 5276434432
      },
      "disk": [
        {
          "fs": "C:",
          "type": "NTFS",
          "size": 135656476672,
          "used": 118151929856,
          "available": 17504546816,
          "use": 87.1,
          "mount": "C:",
          "rw": true
        },
        {
          "fs": "D:",
          "type": "NTFS",
          "size": 375793905664,
          "used": 232881786880,
          "available": 142912118784,
          "use": 61.97,
          "mount": "D:",
          "rw": true
        }
      ],
      "processLoad": [
        {
          "proc": "node",
          "pid": 17092,
          "pids": [
            17092,
            18524,
            4920,
            8608
          ],
          "cpu": 0.0005436259853220984,
          "mem": 8.594205354615173
        }
      ]
    },
    {
      "timestamp": 1744566841134,
      "cpu": {
        "currentLoad": 5.367424166416996,
        "currentLoadUser": 3.047285670101167,
        "currentLoadSystem": 2.0747116216924972,
        "currentLoadIdle": 94.632575833583
      },
      "memory": {
        "total": 8362713088,
        "free": 1588269056,
        "used": 6774444032,
        "available": 1588269056,
        "swapused": 843055104,
        "swapfree": 5330960384
      },
      "disk": [
        {
          "fs": "C:",
          "type": "NTFS",
          "size": 135656476672,
          "used": 118152351744,
          "available": 17504124928,
          "use": 87.1,
          "mount": "C:",
          "rw": true
        },
        {
          "fs": "D:",
          "type": "NTFS",
          "size": 375793905664,
          "used": 232881795072,
          "available": 142912110592,
          "use": 61.97,
          "mount": "D:",
          "rw": true
        }
      ],
      "processLoad": [
        {
          "proc": "node",
          "pid": 17092,
          "pids": [
            17092,
            18524,
            4920,
            8608
          ],
          "cpu": 0.010060024814727876,
          "mem": 8.61071138543884
        }
      ]
    },
    {
      "timestamp": 1744567200943,
      "cpu": {
        "currentLoad": 6.414786918412599,
        "currentLoadUser": 3.48178092815883,
        "currentLoadSystem": 2.5209662342660235,
        "currentLoadIdle": 93.5852130815874
      },
      "memory": {
        "total": 8362713088,
        "free": 1662349312,
        "used": 6700363776,
        "available": 1662349312,
        "swapused": 837812224,
        "swapfree": 5336203264
      },
      "disk": [
        {
          "fs": "C:",